{"name":"b0070216-5ca9-4415-8c8f-dbdb37784efc","id":"/providers/Microsoft.Flow/flows/b0070216-5ca9-4415-8c8f-dbdb37784efc","type":"Microsoft.Flow/flows","properties":{"apiId":"/providers/Microsoft.PowerApps/apis/shared_logicflows","displayName":"Sentiment Analysis Flow","definition":{"metadata":{"workflowEntityId":null,"processAdvisorMetadata":null,"flowChargedByPaygo":null,"flowclientsuspensionreason":"None","flowclientsuspensiontime":null,"flowclientsuspensionreasondetails":null,"creator":{"id":"a3397a60-3cc3-4eb1-98af-ba35b8b45417","type":"User","tenantId":"0c2c5eb2-7477-4593-ac08-f1de3be027d2"},"provisioningMethod":"FromDefinition","failureAlertSubscription":true,"clientLastModifiedTime":"2024-10-28T07:41:56.2340629Z","connectionKeySavedTimeKey":"2024-10-28T07:41:56.2340629Z"},"$schema":"https://schema.management.azure.com/providers/Microsoft.Logic/schemas/2016-06-01/workflowdefinition.json#","contentVersion":"undefined","parameters":{"$authentication":{"defaultValue":{},"type":"SecureObject"},"$connections":{"defaultValue":{},"type":"Object"}},"triggers":{"manual":{"type":"Request","kind":"Button","inputs":{"schema":{"type":"object","properties":{"text":{"description":"Enter the text you want to analyze for sentiment:","title":"My Text","type":"string","x-ms-content-hint":"TEXT","x-ms-dynamically-added":true}},"required":[]}}}},"actions":{"Analyze_positive_or_negative_sentiment_in_text":{"runAfter":{},"metadata":{"flowSystemMetadata":{"portalOperationId":"aibuilderpredict_sentimentanalysis","portalOperationGroup":"aibuilder","portalOperationApiDisplayNameOverride":"AI Builder","portalOperationIconOverride":"https://content.powerapps.com/resource/makerx/static/pauto/images/designeroperations/aiBuilderNew.51dbdb6b.png","portalOperationBrandColorOverride":"#0A76C4","portalOperationApiTierOverride":"Standard"}},"type":"OpenApiConnection","inputs":{"parameters":{"item/requestv2/language":"en","item/requestv2/text":"@triggerBody()?['text']","recordId":"f1c549c2-a97e-47a5-b612-c5c2bab0f163"},"host":{"apiId":"/providers/Microsoft.PowerApps/apis/shared_commondataserviceforapps","connectionName":"shared_commondataserviceforapps","operationId":"aibuilderpredict_sentimentanalysis"},"authentication":"@parameters('$authentication')"}},"For_each":{"foreach":"@outputs('Analyze_positive_or_negative_sentiment_in_text')?['body/responsev2/predictionOutput/result/sentences']","actions":{"Add_a_row_into_a_table":{"metadata":{"AC393838E8724AE8!sf30b611ff01d4f48b2235a9b635a4a51":"/Sentiment Analysis.xlsx"},"type":"OpenApiConnection","inputs":{"parameters":{"file":"AC393838E8724AE8!sf30b611ff01d4f48b2235a9b635a4a51","table":"Table1","item/Column1":"@items('For_each')?['sentiment']","item/Column2":"@outputs('Analyze_positive_or_negative_sentiment_in_text')?['body/responsev2/predictionOutput/result/documentScores/positive']","item/Column3":"@outputs('Analyze_positive_or_negative_sentiment_in_text')?['body/responsev2/predictionOutput/result/documentScores/negative']","item/Column4":"@outputs('Analyze_positive_or_negative_sentiment_in_text')?['body/responsev2/predictionOutput/result/documentScores/neutral']"},"host":{"apiId":"/providers/Microsoft.PowerApps/apis/shared_excelonline","connectionName":"shared_excelonline","operationId":"AddRowV2"},"authentication":{"value":"@json(decodeBase64(triggerOutputs().headers['X-MS-APIM-Tokens']))['$ConnectionKey']","type":"Raw"}}}},"runAfter":{"Analyze_positive_or_negative_sentiment_in_text":["Succeeded"]},"type":"Foreach"}}},"connectionReferences":{"shared_commondataserviceforapps":{"connectionName":"shared-commondataser-ee89589d-09ce-4b7c-9eaa-6041e60570a4","source":"Embedded","id":"/providers/Microsoft.PowerApps/apis/shared_commondataserviceforapps","tier":"NotSpecified"},"shared_excelonline":{"connectionName":"shared-excelonline-618e1eaa-b155-4481-843c-79ee02bbef09","source":"Invoker","id":"/providers/Microsoft.PowerApps/apis/shared_excelonline","tier":"NotSpecified"}},"flowFailureAlertSubscribed":false,"isManaged":false}}